Date & Time,Cumulative hour,Oxygen (mg/L),Oxygen (% saturation),Temperature (°C)
date_time,cum_h,O_mg.L,O_perc,temp
6/27/13 6:15,0,7.39,96,26.9
6/27/13 6:30,0.25,7.27,94.5,26.9
6/27/13 6:45,0.5,7.54,97.9,26.9
6/27/13 7:00,0.75,7.45,96.7,26.9
6/27/13 7:15,1,7.45,96.8,26.9
6/27/13 7:30,1.25,7.45,96.8,26.8
6/27/13 7:45,1.5,7.52,97.6,26.8
6/27/13 8:00,1.75,7.51,97.6,26.8
6/27/13 8:15,2,7.55,98,26.8
6/27/13 8:30,2.25,7.56,98.1,26.9
6/27/13 8:45,2.5,7.67,99.7,26.9
6/27/13 9:00,2.75,7.75,100.7,26.9
6/27/13 9:15,3,8.07,104.9,26.9
6/27/13 9:30,3.25,8.12,105.6,26.9
6/27/13 9:45,3.5,8.18,106.5,26.9
6/27/13 10:00,3.75,8.24,107.3,27
6/27/13 10:15,4,8.46,110.2,27
6/27/13 10:30,4.25,8.41,109.6,27
6/27/13 10:45,4.5,8.57,111.7,27
6/27/13 11:00,4.75,8.64,112.6,27.1
6/27/13 11:15,5,8.73,113.9,27.1
6/27/13 11:30,5.25,8.98,117.2,27.1
6/27/13 11:45,5.5,9.22,120.3,27.1
6/27/13 12:00,5.75,9.4,122.8,27.2
6/27/13 12:15,6,9.61,125.6,27.2
6/27/13 12:30,6.25,9.62,127.4,27.2
6/27/13 12:45,6.5,9.78,128.2,27.2
6/27/13 13:00,6.75,9.97,130.7,27.2
6/27/13 13:15,7,10.07,132.1,27.3
6/27/13 13:30,7.25,10.2,134,27.4
6/27/13 13:45,7.5,10.31,135.7,27.5
6/27/13 14:00,7.75,10.55,139.1,27.6
6/27/13 14:15,8,10.65,140.7,27.6
6/27/13 14:30,8.25,10.6,140,27.6
6/27/13 14:45,8.5,10.72,141.6,27.6
6/27/13 15:00,8.75,10.82,143.1,27.7
6/27/13 15:15,9,10.83,143.3,27.7
6/27/13 15:30,9.25,10.98,145.2,27.7
6/27/13 15:45,9.5,10.94,144.9,27.8
6/27/13 16:00,9.75,11.06,146.5,27.8
6/27/13 16:15,10,10.85,144.3,28
6/27/13 16:30,10.25,10.87,144.7,28.1
6/27/13 16:45,10.5,11,146.5,28.1
6/27/13 17:00,10.75,11.1,147.9,28.1
6/27/13 17:15,11,11.14,148.5,28.1
6/27/13 17:30,11.25,11.04,147,28.1
6/27/13 17:45,11.5,10.93,145.4,28.1
6/27/13 18:00,11.75,10.92,145.2,28
6/27/13 18:15,12,10.93,145.2,28
6/27/13 18:30,12.25,10.88,144.5,28
6/27/13 18:45,12.5,10.79,143.2,27.9
6/27/13 19:00,12.75,10.82,143.6,27.9
6/27/13 19:15,13,10.81,143.3,27.9
6/27/13 19:30,13.25,10.75,142.5,27.8
6/27/13 19:45,13.5,10.58,140.1,27.8
6/27/13 20:00,13.75,10.59,140.2,27.8
6/27/13 20:15,14,10.52,139.2,27.8
6/27/13 20:30,14.25,10.44,138.2,27.8
6/27/13 20:45,14.5,10.39,137.5,27.7
6/27/13 21:00,14.75,10.28,136,27.7
6/27/13 21:15,15,10.25,135.5,27.7
6/27/13 21:30,15.25,10.17,134.5,27.7
6/27/13 21:45,15.5,10.1,133.5,27.7
6/27/13 22:00,15.75,10.03,132.5,27.7
6/27/13 22:15,16,9.86,130.1,27.6
6/27/13 22:30,16.25,9.7,128,27.6
6/27/13 22:45,16.5,9.66,127.4,27.6
6/27/13 23:00,16.75,9.64,127.1,27.5
6/27/13 23:15,17,9.66,127.4,27.5
6/27/13 23:30,17.25,9.61,126.7,27.5
6/27/13 23:45,17.5,9.5,125.2,27.5
6/28/13 0:00,17.75,9.45,124.5,27.5
6/28/13 0:15,18,9.41,123.9,27.5
6/28/13 0:30,18.25,9.39,123.6,27.5
6/28/13 0:45,18.5,9.3,122.4,27.4
6/28/13 1:00,18.75,9.26,121.9,27.4
6/28/13 1:15,19,9.15,120.4,27.4
6/28/13 1:30,19.25,9.11,119.8,27.4
6/28/13 1:45,19.5,9.1,119.7,27.4
6/28/13 2:00,19.75,9.01,118.5,27.4
6/28/13 2:15,20,8.98,118.4,27.4
6/28/13 2:30,20.25,8.92,117.6,27.3
6/28/13 2:45,20.5,8.89,117.1,27.3
6/28/13 3:00,20.75,8.74,115.1,27.3
6/28/13 3:15,21,8.71,114.7,27.3
6/28/13 3:30,21.25,8.63,113.6,27.2
6/28/13 3:45,21.5,8.61,113.3,27.2
6/28/13 4:00,21.75,8.55,112.5,27.2
6/28/13 4:15,22,8.45,111.1,27.2
6/28/13 4:30,22.25,8.38,110.1,27.2
6/28/13 4:45,22.5,8.34,109.6,27.1
6/28/13 5:00,22.75,8.28,108.7,27.1
6/28/13 5:15,23,8.22,107.9,27.1
6/28/13 5:30,23.25,8.19,107.5,27.1
6/28/13 5:45,23.5,8.14,106.8,27.1
6/28/13 6:00,23.75,8.03,105.3,27
6/28/13 6:15,24,8.04,105.4,27
6/28/13 6:30,24.25,7.95,104.2,27
6/28/13 6:45,24.5,7.99,104.7,27
6/28/13 7:00,24.75,7.96,104.3,27
6/28/13 7:15,25,7.95,104.2,27
6/28/13 7:30,25.25,7.99,104.7,27
6/28/13 7:45,25.5,8.09,106,27
6/28/13 8:00,25.75,8.07,105.8,27
6/28/13 8:15,26,8.18,107.2,27
6/28/13 8:30,26.25,8.2,107.5,27
6/28/13 8:45,26.5,8.3,108.9,27.1
6/28/13 9:00,26.75,8.34,109.4,27.1
6/28/13 9:15,27,8.55,112.3,27.1
6/28/13 9:30,27.25,8.66,113.8,27.2
6/28/13 9:45,27.5,8.75,115.1,27.2
6/28/13 10:00,27.75,8.84,116.3,27.2
6/28/13 10:15,28,8.87,116.8,27.3
6/28/13 10:30,28.25,8.95,117.9,27.3
6/28/13 10:45,28.5,8.96,118.1,27.3
6/28/13 11:00,28.75,9.06,119.5,27.4
6/28/13 11:15,29,9.13,120.5,27.4
6/28/13 11:30,29.25,9.21,121.7,27.5
6/28/13 11:45,29.5,9.3,122.9,27.5
6/28/13 12:00,29.75,9.47,125.3,27.5
6/28/13 12:15,30,9.56,126.6,27.6
6/28/13 12:30,30.25,9.64,127.7,27.6
6/28/13 12:45,30.5,9.74,129.1,27.6
6/28/13 13:00,30.75,9.76,129.4,27.7
6/28/13 13:15,31,9.78,129.7,27.7
6/28/13 13:30,31.25,9.88,131.2,27.8
6/28/13 13:45,31.5,9.94,132.3,27.9
6/28/13 14:00,31.75,9.97,132.9,27.9
6/28/13 14:15,32,10.07,134.3,28
6/28/13 14:30,32.25,10.06,134.3,28
6/28/13 14:45,32.5,10.04,133.8,27.9
6/28/13 15:00,32.75,10.02,133.6,28
6/28/13 15:15,33,10.18,135.6,27.9
6/28/13 15:30,33.25,10.17,135.4,27.9
6/28/13 15:45,33.5,10.07,133.7,27.7
6/28/13 16:00,33.75,10.14,134.5,27.7
6/28/13 16:15,34,10.12,134.2,27.7
6/28/13 16:30,34.25,10.06,133.4,27.6
6/28/13 16:45,34.5,9.96,131.9,27.6
6/28/13 17:00,34.75,9.94,131.6,27.6
6/28/13 17:15,35,9.91,131.1,27.5
6/28/13 17:30,35.25,9.94,131.5,27.5
6/28/13 17:45,35.5,9.9,131,27.5
6/28/13 18:00,35.75,9.96,131.8,27.6
6/28/13 18:15,36,10.05,133.1,27.6
6/28/13 18:30,36.25,9.95,131.8,27.6
6/28/13 18:45,36.5,9.9,131.1,27.6
6/28/13 19:00,36.75,9.79,129.7,27.6
6/28/13 19:15,37,9.71,128.6,27.6
6/28/13 19:30,37.25,9.62,127.3,27.6
6/28/13 19:45,37.5,9.55,126.4,27.5
6/28/13 20:00,37.75,9.46,125,27.5
6/28/13 20:15,38,9.43,124.6,27.5
6/28/13 20:30,38.25,9.35,123.5,27.4
6/28/13 20:45,38.5,9.33,123.1,27.4
6/28/13 21:00,38.75,9.25,122,27.4
6/28/13 21:15,39,9.11,120.2,27.4
6/28/13 21:30,39.25,9.1,119.9,27.3
6/28/13 21:45,39.5,9.07,119.5,27.3
6/28/13 22:00,39.75,8.96,118,27.3
6/28/13 22:15,40,8.92,117.4,27.2
6/28/13 22:30,40.25,8.91,117.2,27.2
6/28/13 22:45,40.5,8.89,116.9,27.2
6/28/13 23:00,40.75,8.83,116.1,27.2
6/28/13 23:15,41,8.78,115.4,27.2
6/28/13 23:30,41.25,8.74,114.9,27.2
6/28/13 23:45,41.5,8.73,114.7,27.1
6/29/13 0:00,41.75,8.65,113.6,27.1
6/29/13 0:15,42,8.57,112.5,27.1
6/29/13 0:30,42.25,8.52,111.9,27.1
6/29/13 0:45,42.5,8.54,112.1,27.1
6/29/13 1:00,42.75,8.42,110.5,27.1
6/29/13 1:15,43,8.37,109.8,27.1
6/29/13 1:30,43.25,8.31,109,27
6/29/13 1:45,43.5,8.33,109.2,27
6/29/13 2:00,43.75,8.28,108.5,27
6/29/13 2:15,44,8.27,108.4,27
6/29/13 2:30,44.25,8.16,106.9,27
6/29/13 2:45,44.5,8.12,106.3,27
6/29/13 3:00,44.75,8.04,105.2,26.9
6/29/13 3:15,45,8.04,105.2,26.9
6/29/13 3:30,45.25,8.04,105.2,26.9
6/29/13 3:45,45.5,7.98,104.4,26.9
6/29/13 4:00,45.75,7.97,104.2,26.9
6/29/13 4:15,46,8,104.6,26.9
6/29/13 4:30,46.25,7.91,103.4,26.8
6/29/13 4:45,46.5,7.82,102.1,26.8
6/29/13 5:00,46.75,7.82,102.1,26.8
6/29/13 5:15,47,7.77,101.4,26.8
6/29/13 5:30,47.25,7.8,101.8,26.8
6/29/13 5:45,47.5,7.71,100.6,26.8
6/29/13 6:00,47.75,7.66,99.9,26.7
6/29/13 6:15,48,7.59,99,26.7
6/29/13 6:30,48.25,7.65,99.7,26.7
6/29/13 6:45,48.5,7.68,100.1,26.7
6/29/13 7:00,48.75,7.65,99.7,26.7
6/29/13 7:15,49,7.61,99.2,26.7
6/29/13 7:30,49.25,7.51,97.8,26.7
6/29/13 7:45,49.5,7.63,99.4,26.7
6/29/13 8:00,49.75,7.63,99.4,26.7
6/29/13 8:15,50,7.73,100.6,26.6
6/29/13 8:30,50.25,7.67,99.9,26.7
6/29/13 8:45,50.5,7.81,101.7,26.7
6/29/13 9:00,50.75,7.91,103,26.7
6/29/13 9:15,51,8.04,104.8,26.7
6/29/13 9:30,51.25,8.04,104.8,26.7
6/29/13 9:45,51.5,8.21,107,26.7
6/29/13 10:00,51.75,8.31,108.3,26.7
6/29/13 10:15,52,8.52,111.1,26.7
6/29/13 10:30,52.25,8.66,113,26.7
6/29/13 10:45,52.5,8.66,113,26.7
6/29/13 11:00,52.75,8.98,117.3,26.8
6/29/13 11:15,53,8.95,116.9,26.8
6/29/13 11:30,53.25,8.91,116.4,26.8
6/29/13 11:45,53.5,9.24,120.6,26.8
6/29/13 12:00,53.75,9.32,121.7,26.8
6/29/13 12:15,54,9.56,125,26.9
6/29/13 12:30,54.25,9.3,121.5,26.8
6/29/13 12:45,54.5,9.6,125.6,26.9
6/29/13 13:00,54.75,9.9,129.5,26.9
6/29/13 13:15,55,10.33,135.3,27
6/29/13 13:30,55.25,10.45,137,27
6/29/13 13:45,55.5,10.75,141.2,27.1
6/29/13 14:00,55.75,11.01,144.5,27.1
6/29/13 14:15,56,10.91,143.2,27.1
6/29/13 14:30,56.25,11.03,144.8,27.1
6/29/13 14:45,56.5,11.46,150.7,27.2
6/29/13 15:00,56.75,11.49,151.3,27.3
6/29/13 15:15,57,11.77,155.2,27.4
6/29/13 15:30,57.25,12.02,158.7,27.4
6/29/13 15:45,57.5,11.54,152,27.3
6/29/13 16:00,57.75,11.55,152.2,27.3
6/29/13 16:15,58,11.08,145.6,27.1
6/29/13 16:30,58.25,11.19,146.9,27.1
6/29/13 16:45,58.5,11.61,152.6,27.2
6/29/13 17:00,58.75,11.87,156.2,27.2
6/29/13 17:15,59,12.03,158.1,27.2
6/29/13 17:30,59.25,12.01,158,27.2
6/29/13 17:45,59.5,11.99,157.9,27.3
6/29/13 18:00,59.75,12.43,163.8,27.3
6/29/13 18:15,60,12.55,165.4,27.3
6/29/13 18:30,60.25,12.53,165,27.3
6/29/13 18:45,60.5,12.66,166.7,27.3
6/29/13 19:00,60.75,12.65,166.5,27.3
6/29/13 19:15,61,12.7,167.1,27.2
6/29/13 19:30,61.25,12.63,166.2,27.2
6/29/13 19:45,61.5,12.49,164.3,27.2
6/29/13 20:00,61.75,12.53,164.7,27.2
6/29/13 20:15,62,12.53,164.6,27.1
6/29/13 20:30,62.25,12.01,157.7,27.1
6/29/13 20:45,62.5,11.72,153.8,27.1
6/29/13 21:00,62.75,11.74,154,27
6/29/13 21:15,63,11.79,154.5,27
6/29/13 21:30,63.25,11.57,151.6,27
6/29/13 21:45,63.5,11.33,148.4,27
6/29/13 22:00,63.75,11.14,145.8,26.9
6/29/13 22:15,64,11.16,146,26.9
6/29/13 22:30,64.25,11.08,144.9,26.9
6/29/13 22:45,64.5,10.97,143.4,26.9
6/29/13 23:00,64.75,10.78,140.9,26.8
6/29/13 23:15,65,10.63,138.9,26.8
6/29/13 23:30,65.25,10.46,136.6,26.8
6/29/13 23:45,65.5,10.37,135.4,26.8
6/30/13 0:00,65.75,10.35,135,26.8
6/30/13 0:15,66,10.3,134.3,26.7
6/30/13 0:30,66.25,9.96,129.9,26.7
6/30/13 0:45,66.5,9.65,125.3,26.7
6/30/13 1:00,66.75,9.29,120.6,26.7
6/30/13 1:15,67,9.26,120.2,26.7
6/30/13 1:30,67.25,9.4,122.4,26.6
6/30/13 1:45,67.5,9.12,118.7,26.6
6/30/13 2:00,67.75,8.84,114.9,26.6
6/30/13 2:15,68,8.74,113.5,26.5
6/30/13 2:30,68.25,8.94,116.1,26.5
6/30/13 2:45,68.5,8.92,115.8,26.5
6/30/13 3:00,68.75,8.76,113.6,26.4
6/30/13 3:15,69,8.49,109.9,26.3
6/30/13 3:30,69.25,8.34,107.9,26.3
6/30/13 3:45,69.5,7.85,101.6,26.3
6/30/13 4:00,69.75,7.67,98.9,26.3
6/30/13 4:15,70,7.53,97,26.3
6/30/13 4:30,70.25,7.3,94,26.2
6/30/13 4:45,70.5,7.23,93.1,26.2
6/30/13 5:00,70.75,7.31,94.1,26.2
6/30/13 5:15,71,7.19,92.5,26.2
6/30/13 5:30,71.25,7.07,90.9,26.2
6/30/13 5:45,71.5,6.97,89.6,26.1
6/30/13 6:00,71.75,7.1,91.3,26.1
6/30/13 6:15,72,6.74,86.6,26.1
6/30/13 6:30,72.25,6.59,84.7,26.1
6/30/13 6:45,72.5,7.09,91,26.1
6/30/13 7:00,72.75,6.93,89,26.1
6/30/13 7:15,73,6.95,89.3,26.1
6/30/13 7:30,73.25,6.91,88.8,26.1
6/30/13 7:45,73.5,6.94,89.2,26.1
6/30/13 8:00,73.75,6.95,89.3,26.1
6/30/13 8:15,74,6.91,88.7,26.1
6/30/13 8:30,74.25,6.91,88.7,26.1
6/30/13 8:45,74.5,7.04,90.4,26.1
6/30/13 9:00,74.75,7.16,92,26.1
6/30/13 9:15,75,7.59,97.5,26.1
6/30/13 9:30,75.25,7.57,97.3,26.1
6/30/13 9:45,75.5,7.61,97.9,26.2
6/30/13 10:00,75.75,7.63,98.2,26.2
6/30/13 10:15,76,8.05,103.6,26.2
6/30/13 10:30,76.25,7.87,101.3,26.2
6/30/13 10:45,76.5,8.18,105.3,26.2
6/30/13 11:00,76.75,8.22,105.7,26.2
6/30/13 11:15,77,8.32,107.2,26.2
6/30/13 11:30,77.25,8.75,112.7,26.3
6/30/13 11:45,77.5,9.13,117.7,26.3
6/30/13 12:00,77.75,9.33,120.3,26.3
6/30/13 12:15,78,9.65,124.5,26.3
6/30/13 12:30,78.25,10.52,136,26.4
6/30/13 12:45,78.5,10.76,139.1,26.5
6/30/13 13:00,78.75,10.65,137.8,26.5
6/30/13 13:15,79,11.37,147.2,26.5
6/30/13 13:30,79.25,10.73,138.8,26.5
6/30/13 13:45,79.5,10.74,138.9,26.5
6/30/13 14:00,79.75,11.69,151.6,26.6
6/30/13 14:15,80,11.47,149,26.7
6/30/13 14:30,80.25,11.39,147.8,26.7
6/30/13 14:45,80.5,11.06,142.9,26.6
6/30/13 15:00,80.75,10.19,131.1,26.4
6/30/13 15:15,81,9.89,127,26.3
6/30/13 15:30,81.25,10.65,136.9,26.3
6/30/13 15:45,81.5,8.92,114.7,26.3
6/30/13 16:00,81.75,8.03,103,26.2
6/30/13 16:15,82,8.68,111.3,26.2
6/30/13 16:30,82.25,9.14,117.5,26.3
6/30/13 16:45,82.5,10.29,132.4,26.4
6/30/13 17:00,82.75,10.02,128.8,26.3
6/30/13 17:15,83,10.02,128.6,26.2
6/30/13 17:30,83.25,9.76,125.2,26.2
6/30/13 17:45,83.5,9.86,126.6,26.3
6/30/13 18:00,83.75,10.19,130.8,26.3
6/30/13 18:15,84,10.04,128.9,26.3
6/30/13 18:30,84.25,9.92,127.3,26.3
6/30/13 18:45,84.5,9.88,126.7,26.2
6/30/13 19:00,84.75,9.53,122.2,26.2
6/30/13 19:15,85,9.35,119.8,26.2
6/30/13 19:30,85.25,9.27,118.8,26.2
6/30/13 19:45,85.5,9.08,116.3,26.1
6/30/13 20:00,85.75,9.06,116,26.1
6/30/13 20:15,86,9.09,116.4,26.1
6/30/13 20:30,86.25,8.78,112.4,26.1
6/30/13 20:45,86.5,9.98,127.8,26.1
6/30/13 21:00,86.75,9.54,122.2,26.1
6/30/13 21:15,87,9.25,118.4,26.1
6/30/13 21:30,87.25,9.05,115.8,26.1
6/30/13 21:45,87.5,8.79,112.4,26.1
6/30/13 22:00,87.75,8.64,110.5,26.1
6/30/13 22:15,88,8.63,110.3,26
6/30/13 22:30,88.25,8.68,111,26
6/30/13 22:45,88.5,8.49,108.5,26
6/30/13 23:00,88.75,8.34,106.5,26
6/30/13 23:15,89,8.15,104.1,26
6/30/13 23:30,89.25,8.35,106.6,25.9
6/30/13 23:45,89.5,8.16,104.1,25.9
7/1/13 0:00,89.75,7.93,101.2,25.9
7/1/13 0:15,90,7.71,98.3,25.9
7/1/13 0:30,90.25,7.31,93.2,25.9
7/1/13 0:45,90.5,7.57,96.4,25.8
7/1/13 1:00,90.75,7.65,97.4,25.8
7/1/13 1:15,91,7.66,97.5,25.8
7/1/13 1:30,91.25,7.68,97.8,25.8
7/1/13 1:45,91.5,7.72,98.3,25.8
7/1/13 2:00,91.75,7.68,97.7,25.8
7/1/13 2:15,92,7.65,97.3,25.8
7/1/13 2:30,92.25,7.62,96.9,25.8
7/1/13 2:45,92.5,7.43,94.5,25.7
7/1/13 3:00,92.75,7.33,93.2,25.7
7/1/13 3:15,93,7.21,91.6,25.7
7/1/13 3:30,93.25,7.09,90.1,25.7
7/1/13 3:45,93.5,7.03,89.3,25.7
7/1/13 4:00,93.75,7.04,89.4,25.7
7/1/13 4:15,94,7.04,89.4,25.6
7/1/13 4:30,94.25,7,88.8,25.6
7/1/13 4:45,94.5,7.01,88.9,25.6
7/1/13 5:00,94.75,6.95,88.1,25.6
7/1/13 5:15,95,6.88,87.2,25.6
7/1/13 5:30,95.25,6.9,87.5,25.6
7/1/13 5:45,95.5,6.85,86.8,25.6
7/1/13 6:00,95.75,6.95,88.1,25.5
7/1/13 6:15,96,6.92,87.7,25.5
7/1/13 6:30,96.25,7.02,88.9,25.5
7/1/13 6:45,96.5,6.94,87.9,25.5
7/1/13 7:00,96.75,7.04,89.2,25.5
7/1/13 7:15,97,7.07,89.6,25.5
7/1/13 7:30,97.25,6.93,87.8,25.5
7/1/13 7:45,97.5,7.1,89.9,25.5
7/1/13 8:00,97.75,7.04,89.2,25.5
7/1/13 8:15,98,7,88.4,25.5
7/1/13 8:30,98.25,7.27,91.8,25.6
7/1/13 8:45,98.5,7.48,94.5,25.6
7/1/13 9:00,98.75,7.46,94.3,25.6
7/1/13 9:15,99,7.69,97.2,25.6
7/1/13 9:30,99.25,7.62,96.3,25.6
7/1/13 9:45,99.5,7.73,97.7,25.6
7/1/13 10:00,99.75,7.78,98.3,25.6
7/1/13 10:15,100,7.88,99.6,25.6
7/1/13 10:30,100.25,7.88,99.6,25.6
7/1/13 10:45,100.5,8.15,103,25.6
7/1/13 11:00,100.75,8.41,106.4,25.6
7/1/13 11:15,101,8.87,112.7,25.9
7/1/13 11:30,101.25,9.17,116.7,26
7/1/13 11:45,101.5,9.4,119.6,26
7/1/13 12:00,101.75,9.61,122.3,26
7/1/13 12:15,102,9.63,122.4,25.9
7/1/13 12:30,102.25,9.72,123.5,25.9
7/1/13 12:45,102.5,9.78,124.2,25.9
7/1/13 13:00,102.75,9.93,126.1,25.9
7/1/13 13:15,103,9.96,127,25.9
7/1/13 13:30,103.25,10.08,128.5,25.9
7/1/13 13:45,103.5,9.94,126.2,25.9
7/1/13 14:00,103.75,9.86,125.1,25.8
7/1/13 14:15,104,9.77,123.9,25.8
7/1/13 14:30,104.25,9.83,124.6,25.7
7/1/13 14:45,104.5,9.6,121.6,25.7
7/1/13 15:00,104.75,9.51,120.3,25.7
7/1/13 15:15,105,9.65,122.1,25.7
7/1/13 15:30,105.25,9.47,119.8,25.7
7/1/13 15:45,105.5,9.27,117.3,25.7
7/1/13 16:00,105.75,9.18,116.2,25.7
7/1/13 16:15,106,9.15,115.9,25.7
7/1/13 16:30,106.25,9.09,115.1,25.7
7/1/13 16:45,106.5,9.17,116.5,25.7
7/1/13 17:00,106.75,9.25,117.1,25.7
7/1/13 17:15,107,9.31,117.8,25.7
7/1/13 17:30,107.25,9.67,122.3,25.7
7/1/13 17:45,107.5,9.55,120.8,25.6
7/1/13 18:00,107.75,9.4,118.8,25.6
7/1/13 18:15,108,9.44,119.3,25.6
7/1/13 18:30,108.25,9.41,118.8,25.6
7/1/13 18:45,108.5,9.3,117.4,25.5
7/1/13 19:00,108.75,9.26,116.8,25.5
7/1/13 19:15,109,9.13,115.1,25.5
7/1/13 19:30,109.25,9,113.5,25.5
7/1/13 19:45,109.5,8.43,106.2,25.4
7/1/13 20:00,109.75,8.36,105.3,25.4
7/1/13 20:15,110,8.53,107.3,25.3
7/1/13 20:30,110.25,8.18,102.9,25.3
7/1/13 20:45,110.5,8,100.6,25.3
7/1/13 21:00,110.75,8.09,101.6,25.3
7/1/13 21:15,111,7.84,98.4,25.2
7/1/13 21:30,111.25,8.04,100.9,25.2
7/1/13 21:45,111.5,8.07,101.2,25.2
7/1/13 22:00,111.75,7.85,98.4,25.2
7/1/13 22:15,112,7.7,96.5,25.1
7/1/13 22:30,112.25,7.52,94.2,25.1
7/1/13 22:45,112.5,7.5,93.9,25.1
7/1/13 23:00,112.75,7.47,93.5,25.1
7/1/13 23:15,113,7.24,90.6,25.1
7/1/13 23:30,113.25,7.21,90.2,25.1
7/1/13 23:45,113.5,7.14,89.3,25.1
7/2/13 0:00,113.75,7.07,88.4,25
7/2/13 0:15,114,7.09,88.7,25
7/2/13 0:30,114.25,6.97,87.1,25
7/2/13 0:45,114.5,6.94,86.7,25
7/2/13 1:00,114.75,6.88,86,25
7/2/13 1:15,115,6.85,85.6,25
7/2/13 1:30,115.25,6.73,84.1,25
7/2/13 1:45,115.5,6.74,84.2,25
7/2/13 2:00,115.75,6.79,84.8,25
7/2/13 2:15,116,6.84,85.4,25
7/2/13 2:30,116.25,6.99,87.3,25
7/2/13 2:45,116.5,7.3,91.1,24.9
7/2/13 3:00,116.75,7.33,91.5,24.9
7/2/13 3:15,117,7.22,90.1,24.9
7/2/13 3:30,117.25,7.33,91.5,24.9
7/2/13 3:45,117.5,7.13,89,24.9
7/2/13 4:00,117.75,7.05,88,24.9
7/2/13 4:15,118,6.9,86.1,24.9
7/2/13 4:30,118.25,6.62,82.6,24.9
7/2/13 4:45,118.5,6.58,82,24.9
7/2/13 5:00,118.75,6.5,81,24.9
7/2/13 5:15,119,6.42,80,24.9
7/2/13 5:30,119.25,6.91,86.1,24.9
7/2/13 5:45,119.5,6.7,83.5,24.8
7/2/13 6:00,119.75,6.68,83.2,24.8
7/2/13 6:15,120,6.56,81.8,24.8
7/2/13 6:30,120.25,6.3,78.5,24.8
7/2/13 6:45,120.5,7.06,88,24.8
7/2/13 7:00,120.75,6.72,83.7,24.8
7/2/13 7:15,121,7.01,87.3,24.8
7/2/13 7:30,121.25,6.61,82.3,24.8
7/2/13 7:45,121.5,7.11,88.6,24.8
7/2/13 8:00,121.75,6.79,84.6,24.8
7/2/13 8:15,122,6.73,83.9,24.8
7/2/13 8:30,122.25,7.18,89.5,24.8
7/2/13 8:45,122.5,7.46,93,24.9
7/2/13 9:00,122.75,7.77,96.6,24.9
7/2/13 9:15,123,7.97,99.1,24.9
7/2/13 9:30,123.25,8.03,99.9,24.9
7/2/13 9:45,123.5,8.02,100.1,24.9
7/2/13 10:00,123.75,7.78,96.8,25
7/2/13 10:15,124,7.51,93.5,25
7/2/13 10:30,124.25,7.99,99.4,25
7/2/13 10:45,124.5,8.1,100.8,25
7/2/13 11:00,124.75,8.04,100,24.9
7/2/13 11:15,125,7.66,95.3,24.9
7/2/13 11:30,125.25,7.85,97.6,24.9
7/2/13 11:45,125.5,8.04,100.1,25
7/2/13 12:00,125.75,8.01,99.8,25
7/2/13 12:15,126,7.87,97.9,25
7/2/13 12:30,126.25,7.81,97.2,25
7/2/13 12:45,126.5,7.96,99.1,25
7/2/13 13:00,126.75,8.05,100.3,25
7/2/13 13:15,127,8.07,100.4,25
7/2/13 13:30,127.25,8.14,101.3,24.9
7/2/13 13:45,127.5,7.96,99,24.9
7/2/13 14:00,127.75,8.11,100.9,25
7/2/13 14:15,128,7.87,97.9,25
7/2/13 14:30,128.25,7.79,97.3,25
7/2/13 14:45,128.5,7.33,91.6,25
7/2/13 15:00,128.75,7.03,87.7,24.9
7/2/13 15:15,129,6.86,85.6,24.9
7/2/13 15:30,129.25,6.08,75.7,24.8
7/2/13 15:45,129.5,5.77,71.9,24.8
7/2/13 16:00,129.75,4.7,58.5,24.8
7/2/13 16:15,130,4.55,56.6,24.7
7/2/13 16:30,130.25,4.53,56.3,24.7
7/2/13 16:45,130.5,4.93,61.3,24.7
7/2/13 17:00,130.75,4.77,59.3,24.7
7/2/13 17:15,131,5.22,64.7,24.6
7/2/13 17:30,131.25,5.94,73.8,24.7
7/2/13 17:45,131.5,5.91,73.4,24.7
7/2/13 18:00,131.75,6.12,76.1,24.7
7/2/13 18:15,132,6.35,79,24.8
7/2/13 18:30,132.25,6.54,81.4,24.8
7/2/13 18:45,132.5,6.38,79.4,24.8
7/2/13 19:00,132.75,6.63,82.5,24.8
7/2/13 19:15,133,6.46,80.4,24.8
7/2/13 19:30,133.25,6.11,76,24.8
7/2/13 19:45,133.5,6.85,85.2,24.8
7/2/13 20:00,133.75,7,87,24.7
7/2/13 20:15,134,7.03,87.1,24.7
7/2/13 20:30,134.25,7.1,87.9,24.7
7/2/13 20:45,134.5,8.2,101.7,24.8
7/2/13 21:00,134.75,8.45,104.9,24.8
7/2/13 21:15,135,7.64,94.7,24.7
7/2/13 21:30,135.25,7.7,95.4,24.7
7/2/13 21:45,135.5,7.36,91.2,24.7
7/2/13 22:00,135.75,6.37,78.9,24.7
7/2/13 22:15,136,6.3,78,24.7
7/2/13 22:30,136.25,6.23,77.1,24.7
7/2/13 22:45,136.5,6.6,81.7,24.7
7/2/13 23:00,136.75,7.14,88.5,24.8
7/2/13 23:15,137,7.61,94.4,24.8
7/2/13 23:30,137.25,7.66,95,24.8
7/2/13 23:45,137.5,7.71,95.7,24.8
7/3/13 0:00,137.75,7.86,97.5,24.8
7/3/13 0:15,138,8.12,100.8,24.8
7/3/13 0:30,138.25,8.05,100,24.8
7/3/13 0:45,138.5,8.18,101.6,24.8
7/3/13 1:00,138.75,8.02,99.6,24.9
7/3/13 1:15,139,7.94,98.6,24.9
7/3/13 1:30,139.25,7.83,97.2,24.8
7/3/13 1:45,139.5,7.81,97,24.8
7/3/13 2:00,139.75,7.74,96.1,24.8
7/3/13 2:15,140,7.9,98.1,24.8
7/3/13 2:30,140.25,7.89,98,24.9
7/3/13 2:45,140.5,7.87,97.8,24.9
7/3/13 3:00,140.75,7.74,96.2,24.9
7/3/13 3:15,141,7.82,97.2,24.9
7/3/13 3:30,141.25,7.8,96.9,24.9
7/3/13 3:45,141.5,7.71,95.8,24.9
7/3/13 4:00,141.75,7.67,95.3,24.9
7/3/13 4:15,142,7.65,95,24.8
7/3/13 4:30,142.25,7.61,94.5,24.8
7/3/13 4:45,142.5,7.54,93.6,24.8
7/3/13 5:00,142.75,7.64,94.8,24.8
7/3/13 5:15,143,7.72,95.8,24.8
7/3/13 5:30,143.25,7.73,96,24.8
7/3/13 5:45,143.5,7.49,93,24.8
7/3/13 6:00,143.75,7.67,95.2,24.8
7/3/13 6:15,144,7.96,98.8,24.8
7/3/13 6:30,144.25,7.68,95.3,24.8
7/3/13 6:45,144.5,7.58,94.1,24.8
7/3/13 7:00,144.75,7.8,96.4,24.8
7/3/13 7:15,145,8,98.9,24.8
7/3/13 7:30,145.25,7.95,98.3,24.8
7/3/13 7:45,145.5,8.02,99.2,24.8
7/3/13 8:00,145.75,7.99,98.9,24.9
7/3/13 8:15,146,7.96,98.5,24.9
7/3/13 8:30,146.25,7.7,95.3,24.8
7/3/13 8:45,146.5,7.85,97.2,24.9
7/3/13 9:00,146.75,7.78,96.3,24.8
7/3/13 9:15,147,7.88,98.2,25.2
7/3/13 9:30,147.25,7.9,97.8,24.9
7/3/13 9:45,147.5,7.93,98.1,24.8
7/3/13 10:00,147.75,7.84,96.9,24.8
7/3/13 10:15,148,8.32,103,24.9
7/3/13 10:30,148.25,8.18,101.3,24.9
7/3/13 10:45,148.5,8.3,102.9,24.9
7/3/13 11:00,148.75,9.27,115.2,25.1
7/3/13 11:15,149,9.24,115,25.1
7/3/13 11:30,149.25,9.27,115.5,25.2
7/3/13 11:45,149.5,9.49,118.3,25.2
7/3/13 12:00,149.75,9.19,114.4,25.2
7/3/13 12:15,150,8.65,107.7,25.2
7/3/13 12:30,150.25,8.93,111,25.1
7/3/13 12:45,150.5,8.55,106.3,25.1
7/3/13 13:00,150.75,7.78,96.2,24.8
7/3/13 13:15,151,8.74,108.4,25
7/3/13 13:30,151.25,7.79,96.4,24.8
7/3/13 13:45,151.5,7.81,96.7,24.9
7/3/13 14:00,151.75,7.86,97.2,24.8
7/3/13 14:15,152,7.65,94.5,24.7
7/3/13 14:30,152.25,8.21,101.9,25
7/3/13 14:45,152.5,9.1,113,25
7/3/13 15:00,152.75,8.27,102.6,25
7/3/13 15:15,153,8.26,102.4,24.9
7/3/13 15:30,153.25,7.57,93.6,24.8
7/3/13 15:45,153.5,7.19,89.2,24.8
7/3/13 16:00,153.75,7.4,91.9,24.8
7/3/13 16:15,154,6.93,85.9,24.7
7/3/13 16:30,154.25,6.79,84.1,24.7
7/3/13 16:45,154.5,5.88,72.7,24.6
7/3/13 17:00,154.75,5.95,73.5,24.6
7/3/13 17:15,155,5.74,70.9,24.6
7/3/13 17:30,155.25,6.01,74.3,24.6
7/3/13 17:45,155.5,6.46,79.9,24.6
7/3/13 18:00,155.75,7.3,90.5,24.7
7/3/13 18:15,156,7.63,94.6,24.8
7/3/13 18:30,156.25,7.61,94.6,24.9
7/3/13 18:45,156.5,7.86,98,25.1
7/3/13 19:00,156.75,6.41,79.7,24.9
7/3/13 19:15,157,5.8,72,24.8
7/3/13 19:30,157.25,4.83,59.6,24.7
7/3/13 19:45,157.5,5.93,73.5,24.7
7/3/13 20:00,157.75,5.79,71.7,24.7
7/3/13 20:15,158,6.01,74.2,24.7
7/3/13 20:30,158.25,8.14,101.1,24.9
7/3/13 20:45,158.5,7.62,94.3,24.8
7/3/13 21:00,158.75,8.06,99.9,24.9
7/3/13 21:15,159,8.77,108.9,25
7/3/13 21:30,159.25,9.58,119.2,25.1
7/3/13 21:45,159.5,9.54,118.8,25.2
7/3/13 22:00,159.75,9.02,112.2,25.1
7/3/13 22:15,160,9.27,115.4,25.2
7/3/13 22:30,160.25,9.11,113.5,25.2
7/3/13 22:45,160.5,8.93,111.2,25.2
7/3/13 23:00,160.75,8.78,109.3,25.2
7/3/13 23:15,161,9.01,112.2,25.2
7/3/13 23:30,161.25,8.98,111.8,25.2
7/3/13 23:45,161.5,9.63,120.1,25.3
7/4/13 0:00,161.75,9.37,116.9,25.3
7/4/13 0:15,162,9.56,119.3,25.3
7/4/13 0:30,162.25,9.54,119.1,25.3
7/4/13 0:45,162.5,9.61,120,25.3
7/4/13 1:00,162.75,9.72,121.3,25.3
7/4/13 1:15,163,9.66,120.6,25.3
7/4/13 1:30,163.25,9.51,118.7,25.3
7/4/13 1:45,163.5,9.62,120.1,25.3
7/4/13 2:00,163.75,9.58,119.5,25.3
7/4/13 2:15,164,9.59,119.6,25.3
7/4/13 2:30,164.25,9.33,116.4,25.3
7/4/13 2:45,164.5,9.39,117.1,25.2
7/4/13 3:00,164.75,9.25,115.3,25.2
7/4/13 3:15,165,9.09,113.3,25.2
7/4/13 3:30,165.25,9.13,113.7,25.2
7/4/13 3:45,165.5,8.86,110.3,25.2
7/4/13 4:00,165.75,8.91,110.9,25.2
7/4/13 4:15,166,8.95,111.4,25.1
7/4/13 4:30,166.25,8.62,107.3,25.1
7/4/13 4:45,166.5,8.61,107.1,25.1
7/4/13 5:00,166.75,8.54,106.2,25.1
7/4/13 5:15,167,8.45,105.1,25.1
7/4/13 5:30,167.25,8.34,103.7,25.1
7/4/13 5:45,167.5,8.41,104.5,25.1
7/4/13 6:00,167.75,8.37,104,25.1